<?xml version="1.0" encoding="UTF-8"?>
<!DOCTYPE mapper PUBLIC "-//mybatis.org//DTD Mapper 3.0//EN"
"http://mybatis.org/dtd/mybatis-3-mapper.dtd">

<mapper namespace="com.letsgotravle.myapp.persistance.MemberMapper">

   <!-- 현재 시간 조회 -->
    <select id="getCurrentTime" resultType="string">
        SELECT NOW()
    </select>

    <!-- 회원 정보 추가 -->
    <insert id="insertMember" parameterType="com.letsgotravle.myapp.domain.MemberVo" useGeneratedKeys="true" keyProperty="midx">
        INSERT INTO MEMBER (id, name, phone, ip, delyn, date, password)
        VALUES (#{id}, #{name}, #{phone}, #{ip}, #{delyn}, NOW(), #{password})
    </insert>

    <!-- 전화번호로 회원 midx 조회 -->
    <select id="findMidxByPhone" resultType="int" parameterType="string">
        SELECT midx FROM MEMBER WHERE phone = #{phone} LIMIT 1
    </select>

    <!-- 아이디로 회원 조회 -->
    <select id="findById" resultType="com.letsgotravle.myapp.domain.MemberVo" parameterType="string">
        SELECT * FROM MEMBER WHERE id = #{id} LIMIT 1
    </select>

    <!-- 📌 로그인 처리 -->
    <select id="memberlogin" resultType="com.letsgotravle.myapp.domain.MemberVo" parameterType="string">
        SELECT * FROM MEMBER WHERE id = #{id} LIMIT 1
    </select>

</mapper>
