<?xml version="1.0" encoding="UTF-8"?>
<beans xmlns="http://www.springframework.org/schema/beans"
	xmlns:xsi="http://www.w3.org/2001/XMLSchema-instance"
	xmlns:jee="http://www.springframework.org/schema/jee"
	xmlns:util="http://www.springframework.org/schema/util"
	xmlns:task="http://www.springframework.org/schema/task"
	xmlns:context="http://www.springframework.org/schema/context"
	xmlns:aop="http://www.springframework.org/schema/aop"
	xmlns:tx="http://www.springframework.org/schema/tx"
	xmlns:mybatis-spring="http://mybatis.org/schema/mybatis-spring"
	xmlns:jdbc="http://www.springframework.org/schema/jdbc"
	xsi:schemaLocation="http://www.springframework.org/schema/jdbc http://www.springframework.org/schema/jdbc/spring-jdbc-4.3.xsd
		http://www.springframework.org/schema/jee http://www.springframework.org/schema/jee/spring-jee-4.3.xsd
		http://www.springframework.org/schema/task http://www.springframework.org/schema/task/spring-task-4.3.xsd
		http://mybatis.org/schema/mybatis-spring http://mybatis.org/schema/mybatis-spring-1.2.xsd
		http://www.springframework.org/schema/beans https://www.springframework.org/schema/beans/spring-beans.xsd
		http://www.springframework.org/schema/context http://www.springframework.org/schema/context/spring-context-4.3.xsd
		http://www.springframework.org/schema/aop http://www.springframework.org/schema/aop/spring-aop-4.3.xsd
		http://www.springframework.org/schema/tx http://www.springframework.org/schema/tx/spring-tx-4.3.xsd
		http://www.springframework.org/schema/util http://www.springframework.org/schema/util/spring-util-4.3.xsd">
	
	<!-- Root Context: defines shared resources visible to all other web components -->
		
	<!-- mybatis 관련 설정 -->
	<!-- 설정값을 한개의 파일에서 관리한다 --> 	
	<context:property-placeholder location="classpath:properties/db.properties"/>  <!-- 설정값을 한개의 파일에서 관리한다 -->
 	
 	<bean id="db" class="org.springframework.jdbc.datasource.DriverManagerDataSource">
		<property name="driverClassName" value="${db.driver}" />  <!-- <property name="driverClassName" value="${db.driver}"></property> 와 같다 -->
		<property name="url" value="${db.url}" />
		<property name="username" value="${db.username}" />
		<property name="password" value="${db.password}" />
	</bean>
		
	<bean id="sqlSessionFactory" class="org.mybatis.spring.SqlSessionFactoryBean">
		<property name="dataSource" ref="db" />  <!-- db를 연결한다 -->
		<property name="mapperLocations" value="classpath:mappers/*.xml" />  <!-- classpath:mappers/에 있는 *.xml파일들을 사용 -->
		<property name="configLocation" value="classpath:config/mybatis_config.xml" />  <!-- mybatis 설정파일 위치 -->
	</bean>

	<bean id="sqlSession" class="org.mybatis.spring.SqlSessionTemplate">  <!-- 실제 사용하는 mybatis 객체 -->
		<constructor-arg name="sqlSessionFactory" ref="sqlSessionFactory" />  <!-- 생성자 매개변수로 sqlSessionFactory를 사용해서 sqlSessionFactory와 연동 -->
	</bean>
	
	<!-- sql 트랜젝션 -->
	<bean id="transactionManager" class="org.springframework.jdbc.datasource.DataSourceTransactionManager">
		<constructor-arg ref="db" />
	</bean>
	
	<tx:annotation-driven />
	
	<!-- AOP -->
	<aop:aspectj-autoproxy></aop:aspectj-autoproxy>
	
	<!-- 적용 범위 지정 -->
	<context:component-scan base-package="com.letsgotravle.myapp">
		<context:exclude-filter type="annotation" expression="org.springframework.stereotype.Controller" />
	</context:component-scan>
	<mybatis-spring:scan base-package="com.letsgotravle.myapp.*" />
	
	
</beans>